"id_grid","lat","lon"
867050,0.352786266646106,-76.8600199332029
146163,0.352868941746993,-76.5728711150261
439766,0.352871382004098,-76.5638966592963
117722,0.361785029736462,-76.9676858514487
337518,0.36181637776216,-76.8689950138748
554200,0.361821961479402,-76.8510503198644
994977,0.361901439063392,-76.5818480065061
694865,0.361908945504048,-76.5549246127577
918977,0.370814115153319,-76.9766602752935
161448,0.370820056524662,-76.9587172453014
113841,0.370831829781837,-76.9228303329722
429541,0.370849215623013,-76.8689978596531
246900,0.370852081374419,-76.8600255383356
557799,0.370857785237367,-76.8420806888526
864988,0.37093638492276,-76.581850565542
311394,0.370944077196967,-76.554927144711
829139,0.379843047143746,-76.9856347168882
512950,0.379846103596419,-76.9766633004504
819291,0.379852188877972,-76.9587202516395
268082,0.379861246512178,-76.9318051459532
430348,0.379867237948577,-76.913861389466
233199,0.37988205323224,-76.8690007746199
361180,0.379887913918857,-76.8510560442829
965470,0.379971330664621,-76.5818531862466
487624,0.37997920882559,-76.5549297378421
989477,0.388874963278557,-76.9856378229348
270388,0.388878091933796,-76.976666396743
966872,0.388884320809892,-76.9587233296249
254931,0.388893592340909,-76.9318081957
159948,0.388899725368364,-76.9138644201638
309060,0.388914890858439,-76.8690037583466
659100,0.388920889819763,-76.8510590094736
512337,0.389006276190187,-76.5818558686266
999356,0.389014340448333,-76.5549323921939
341398,0.397903668338527,-76.9946123649622
555154,0.397910080090951,-76.9766695650185
232799,0.397913271181195,-76.9676980576672
157830,0.39791962426088,-76.9497548283987
859382,0.397922786101588,-76.9407831075556
746753,0.397929080414033,-76.9228394534201
222379,0.397944644438113,-76.8779790921259
575685,0.397953865489589,-76.8510620429148
427089,0.398043981369445,-76.5728841731603
492775,0.398046731199613,-76.5639096716634
127601,0.40693879473416,-76.9856442505506
643051,0.406948584115883,-76.9587296988622
428006,0.406951827510639,-76.9497580388627
448524,0.406955060670382,-76.9407863080731
879736,0.406961496678223,-76.9228426344169
394590,0.406977412203234,-76.8779822233966
805067,0.40698056503974,-76.8690099331661
690965,0.406989963887465,-76.8420926481564
262979,0.415980715684721,-76.9587329904487
724013,0.415984030512262,-76.9497613202863
542478,0.415990629196478,-76.9318177677133
900629,0.416013401942402,-76.8690131236361
723268,0.416023008120115,-76.8420958083967
848247,0.425009450168019,-76.9677079618697
836263,0.425016232939055,-76.9497646726265
226105,0.42504952018546,-76.8600440034593
690559,0.425052791177601,-76.8510715547537
775204,0.434044977660302,-76.9587397865141
758240,0.434055319233729,-76.9318245015521
904043,0.434062159923484,-76.9138806257012
457144,0.434065564463748,-76.9049085819994
609577,0.44307710833262,-76.9587432915363
286881,0.443080637707672,-76.949771590031
654585,0.443084156232601,-76.9407998177153
947883,0.443087663640514,-76.9318279745168
538219,0.443091160415552,-76.9228560605259
688260,0.443101584958605,-76.8959398985094
613118,0.452105626642694,-76.9677185091415
890208,0.452120008068632,-76.9318315177394
613344,0.45212357558933,-76.9228595930516
193706,0.452130677366166,-76.9049155331508
153964,0.461141368733465,-76.9587505151202
813368,0.461145041411861,-76.9497787912388
482139,0.461148702296383,-76.9408069968822
797441,0.461152352164019,-76.9318351317429
919707,0.46115961762233,-76.9138911894904
500158,0.605730699299032,-76.8152592444472
902802,0.614637815875434,-77.0485389327917
798517,0.614759280800434,-76.8242368516555
982824,0.614768589065703,-76.8062908069393
189074,0.623664083390949,-77.0575151803366
677357,0.623669212730575,-77.0485440132254
475294,0.623674326746678,-77.0395727726689
795278,0.623792455419737,-76.8242415533879
812011,0.62379718542248,-76.8152685495364
925377,0.623801900171202,-76.8062954782655
110391,0.6326901872065,-77.0664914579178
834357,0.632695405916402,-77.0575203493642
909864,0.632700609275716,-77.0485491670275
899268,0.632705797076529,-77.0395779108902
817191,0.63271096913968,-77.030606581862
688628,0.632716125783653,-77.0216351800216
799682,0.63272126681407,-77.01266370526
477862,0.632726392253567,-77.0036921579059
957639,0.632820815871665,-76.8332192744634
558812,0.632830427857422,-76.8152733035776
189796,0.632835210587922,-76.806300216925
739014,0.641721435208932,-77.0664967164195
674136,0.641726728177334,-77.0575255917028
149059,0.641732005621564,-77.0485543939999
764169,0.641737267175541,-77.039583122689
707751,0.641742512877871,-77.0306117776845
518613,0.641747742590368,-77.021640360325
344687,0.64175815530451,-77.003697307017
118192,0.641763337670725,-76.9947256718672
115304,0.641853921265467,-76.8332241273945
829006,0.641863670271242,-76.8152781253562
309815,0.641868520660511,-76.8063050230514
630514,0.650752682885645,-77.0665020485004
777648,0.6507580502019,-77.0575309082404
512130,0.650763401521726,-77.0485596943567
248357,0.650768736846445,-77.0395884073209
270420,0.650774056036829,-77.0306170468195
926046,0.650779359193066,-77.0216456131093
872761,0.650784646286705,-77.0126741073837
270273,0.650789917501934,-77.0037025287169
651960,0.650795172972514,-76.9947308774582
902245,0.650891977035475,-76.8242560658601
526775,0.65089691179129,-76.8152830149705
697008,0.650945376618164,-76.7255488238552
364617,0.650950134889307,-76.7165750410802
313175,0.65095487709922,-76.7076011931023
756530,0.650959603397321,-76.6986272802663
790492,0.659767507871667,-77.0934204791447
606429,0.65977299838454,-77.0844495449076
996988,0.65978393002845,-77.0665074545645
973066,0.65978937175819,-77.0575362980878
337804,0.659794796943798,-77.0485650681713
558055,0.659800206146571,-77.039593765141
612033,0.659805599000571,-77.0306223886804
266281,0.659810975543448,-77.0216509392186
615712,0.659816335699911,-77.012679416892
517425,0.659821679858232,-77.0037078225534
905767,0.6599744475179,-76.7345273539095
273479,0.659979287900205,-76.7255536207226
349468,0.659984112012414,-76.7165798217137
556526,0.659998486481737,-76.689658034945
703984,0.66879294922398,-77.1023968831507
501976,0.66880964485507,-77.0754840327187
994032,0.668820692631602,-77.0575417618212
109314,0.668826192165182,-77.0485705154685
219294,0.668837141315024,-77.0306278036483
297684,0.668842591403444,-77.0216563377183
890686,0.669008292825126,-76.7345322322777
590014,0.669013198888342,-76.7255584828489
569876,0.669018088708629,-76.7165846677751
862530,0.66903748323823,-76.6806887572681
803699,0.677823896551093,-77.1024025028066
690903,0.677840816651366,-77.0754896030023
825931,0.678047109618049,-76.7255634102012
131978,0.678057003923127,-76.7076156822478
746951,0.67806192623903,-76.698641720218
388795,0.678066831521559,-76.6896676937812
506249,0.686849094775342,-77.1113790315028
590451,0.686866290368185,-77.0844663048921
569366,0.686871988245213,-77.0754952474039
956422,0.686877669554607,-77.0665241153794
438565,0.69588579001339,-77.102413966152
666861,0.695891597023233,-77.0934430403538
880140,0.695897386814328,-77.0844720400158
365597,0.695903159555213,-77.0755009655602
951454,0.903978801937245,-76.6090367476254
330446,0.913007143422895,-76.6180181941386
272240,0.913019912168958,-76.6000679192243
779192,0.922035335103496,-76.6269996858489
319666,0.922041816638633,-76.6180246197135
720834,0.922054711397725,-76.6000743000981
357049,0.93106337694348,-76.6359812225941
180167,0.931076489580531,-76.6180311083347
688292,0.931083011456347,-76.6090559568519
725599,0.94009126811268,-76.6449628046288
987781,0.94010455374578,-76.6270127712964
826734,0.940111162038222,-76.6180376594847
570899,0.949119007799105,-76.6539444332022
992040,0.949132467526373,-76.6359944795721
207688,0.949139162498453,-76.6270194083813
908140,0.949152482082302,-76.6090690760305
319804,0.958153424402109,-76.653951203457
506551,0.958167012168837,-76.6360012034639
134689,0.958180505531326,-76.6180509506726
926972,0.967194710243495,-76.6449830458172
837913,1.32746853741861,-77.5425678390435
963478,1.32748120331823,-77.533599106366
705727,1.32749383649236,-77.5246302886494
941016,1.32750643675968,-77.515661385778
367104,1.3364827045163,-77.5515491913639
792422,1.33649548914314,-77.5425805118572
386701,1.33650824095956,-77.5336117468989
241626,1.33652095987814,-77.5246428964828
833117,1.33653364611038,-77.5156739611146
377890,1.33654629917577,-77.5067049405361
688543,1.34552243996981,-77.5425932706295
779229,1.34553527771322,-77.5336244728912
209689,1.34554808246422,-77.5246555897315
925964,1.34556085415882,-77.5156866213944
438188,1.34557359279521,-77.5067175680463
934394,1.35456231379277,-77.5336372842752
719857,1.35457520442039,-77.5246683679772
315510,1.35458806154771,-77.5156993665786
683634,1.35460088562085,-77.5067302805497
457740,1.35461367630031,-77.49776110956
474967,1.36357633926932,-77.5426190443307
757207,1.36358934896048,-77.5336501808822
684300,1.36360232534255,-77.5246812315565
108509,1.36361526835329,-77.5157121968623
324405,1.36362817750346,-77.5067430775979
458574,1.3636410534326,-77.4977738735916
677949,1.36365389581571,-77.488804584623
584189,1.37261638358574,-77.5336631626626
762178,1.37262944557455,-77.5246941804524
231268,1.37264247411439,-77.5157251122571
942604,1.37265546885927,-77.5067559591998
121461,1.3726684296685,-77.4977867220143
731859,1.37268135695802,-77.4888173997763
892169,1.38166967892248,-77.51573811269
167911,1.38168275924753,-77.5067689259591
432858,1.38169580539565,-77.497799654678
770277,1.39071004869785,-77.5067819775124
191030,1.39073627716247,-77.4888432827588
938216,1.39975055397924,-77.4978257743916
175757,1.39976373595218,-77.4888563507433
152307,1.39977688364229,-77.4798868429
316846,1.40879119394274,-77.4888695032342
627126,1.45383188077148,-77.5517221752561
669391,1.45384578651118,-77.5427530535261
447910,1.46284470635958,-77.5607051551552
910227,1.4628587347063,-77.5517360830059
220843,1.46287272680402,-77.5427669251752
346477,1.46288668286304,-77.5337976823366
826464,1.47187147308655,-77.5607191842759
920117,1.47188558750276,-77.5517500766467
914718,1.47189966595071,-77.5427808827301
703980,1.4719137083109,-77.5338116037668
352009,1.48089823864497,-77.5607332995052
400909,1.48091243962738,-77.5517641559071
890667,1.48092660433488,-77.5427949261829
559864,1.48094073257396,-77.5338256109066
103875,1.48095482452572,-77.5248562104224
805439,1.48992500327914,-77.5607475009213
501410,1.48993929093194,-77.5517783212646
764973,1.48995354189285,-77.5428090550422
692151,1.48996775607251,-77.5338397034953
402533,1.48998193385633,-77.5248702667261
382122,1.48999607495073,-77.5159007445791
711342,1.49896614119302,-77.5517925722275
181344,1.49898047840698,-77.5428232697758
289230,1.49899477889152,-77.5338538815117
431845,1.49900904222259,-77.5248844083005
643734,1.49902326899476,-77.5159148497951
355811,1.49903745892818,-77.5069452059309
899150,1.49905161177819,-77.497975477498
149341,1.50796403262245,-77.5697453296115
677269,1.5079785302365,-77.5607761622421
710479,1.50799299082429,-77.5518069088255
762904,1.50800741412212,-77.542837570227
886766,1.50802180051401,-77.5338681454397
470153,1.50803615006346,-77.5248986351082
321599,1.50805046208303,-77.5159290398072
135594,1.50806473725358,-77.5069593594852
117997,1.50807897570488,-77.4979895941047
431957,1.50809317656098,-77.4890197444963
314890,1.51697608661103,-77.5787289434567
970945,1.51699070822492,-77.5697598260385
949130,1.51700529222719,-77.5607906221737
995595,1.51701983936002,-77.551821331849
687074,1.51703434904812,-77.5428519558095
746046,1.51704882131244,-77.5338824946118
782977,1.51706325657651,-77.5249129472948
186601,1.51707765453811,-77.5159433147084
543442,1.51709201505295,-77.5069735977645
122292,1.51710633834872,-77.4980037957244
633780,1.51712062454792,-77.4890339087949
650938,1.52601738282005,-77.5697744090805
703851,1.52603205362427,-77.5608051680247
943908,1.52604668692515,-77.551835840704
425889,1.52606128296224,-77.5428664273964
164651,1.52607584154607,-77.5338969286977
892987,1.5260903622572,-77.5249273447223
894129,1.52611929188261,-77.5069879204503
172827,1.52613370020381,-77.4980180817281
390399,1.5350588140956,-77.5608197999897
971203,1.53508821604366,-77.542880984769
838632,1.53510286053548,-77.5339114485052
324468,1.5351174673813,-77.5249418271978
190480,1.53513203630789,-77.5159721202488
137328,1.54410037994645,-77.5518651160376
648426,1.54411514825947,-77.5428956276089
520853,1.54412987887673,-77.5339260537597
616476,1.54414457154364,-77.5249563948816
729737,1.54415922598952,-77.5159866503772
531216,1.55314207958527,-77.5429103564447
799672,1.55315689638495,-77.5339407446228
164400,1.55317167481569,-77.5249710475606
830562,1.68018488630031,-77.1483603994067
939688,1.6801990898314,-77.139386683362
645990,1.68920105807114,-77.1573482835879
267434,1.68924389757092,-77.1304270120801
537559,1.69823147389176,-77.1573626037655
771993,1.69827454204911,-77.1304412079327
359972,1.70727636306225,-77.1484032359521
160828,1.7072907953185,-77.1394293953488
147428,1.77048977448359,-77.1485058463327
194259,1.77050474060344,-77.1395317085915
865328,1.7795051712382,-77.1574949144318
847143,1.77952025765296,-77.1485208089262
896319,1.77953530047887,-77.1395466277268
814139,1.7795502990581,-77.1305723708008
486259,1.7885355770758,-77.1575099968649
771943,1.7885507400436,-77.1485358477489
525604,1.78856585891983,-77.1395616226791
922403,1.78858093394643,-77.1305873220477
156847,1.79745806693259,-77.2203423594344
897074,1.79747361605356,-77.2113687043696
185918,1.79748912101283,-77.2023949719513
979308,1.79758122142038,-77.1485509623586
264975,1.79759641647579,-77.1395766933862
407292,1.8064722575559,-77.2293315232652
407263,1.80650355595636,-77.211384203719
908504,1.80651913886253,-77.2024104271088
900018,1.80653467722405,-77.1934365733989
517400,1.81550204046546,-77.2293471884233
297401,1.81553349518289,-77.2113997803707
350213,1.81554915586009,-77.2024259595617
525657,1.81556477174197,-77.1934520614915
641840,1.82453182181166,-77.2293629320699
498611,1.8245476502532,-77.2203892220613
541666,1.82456343336237,-77.2114154345986
316385,1.82457917173816,-77.202441569428
983821,1.82459486546021,-77.1934676266558
799019,1.83357750891866,-77.220404998674
952089,1.8335933703736,-77.2114311661182
158166,1.83360918642541,-77.2024572566688
677727,1.9239915392128,-77.1577453785245
800377,1.93300549341293,-77.166736481617
346805,1.93303831533072,-77.1487868033522
970348,1.9420358042894,-77.1667529074579
643052,1.94206877946576,-77.148803134238
609700,1.95108270245822,-77.1577945136326
472263,2.02315149287506,-77.2476782765403
868143,2.02316914326795,-77.2387036877358
241018,2.03216331297557,-77.2566704728842
239613,2.03221650012925,-77.2297465584574
546369,2.04117492350904,-77.2656627690291
511331,2.04124625504719,-77.2297641746713
468578,2.0502223493287,-77.2567060821239
686396,2.05025817290499,-77.2387566844745
250979,2.05027600906962,-77.2297818683967
156637,2.05029379462858,-77.2208069740113
969160,2.05925186584213,-77.2567240048973
596710,2.059269881876,-77.2477492948411
328858,2.05928784706312,-77.2387745064858
768883,2.05932362575848,-77.2208246955248
931246,2.06829947623539,-77.2477672459679
867691,2.06831752030549,-77.2387924068428
714105,2.06833551325763,-77.2298174900547
601111,2.07734719223626,-77.2388103857425
890359,2.07741917234948,-77.2029100473151
847021,2.07743703932593,-77.1939347688355
394283,2.08643115952174,-77.2119031530209
501035,2.0864849939828,-77.1849771647331
956693,2.09544293842132,-77.2208963603662
846089,2.09551513141205,-77.1849949927723
618685,2.10449096714577,-77.2119391939874
711179,2.10454526779348,-77.185012898294
887541,2.11353909900543,-77.2029819250008
965975,2.11355727689232,-77.1940064415283
674331,2.12255077000884,-77.2119755458115
471510,2.12258733309557,-77.1940245525026
780105,2.13156223162075,-77.2209692704973
413871,2.13161738839588,-77.1940427404177
251508,2.1406105679731,-77.2120122081498
539457,2.14062903127125,-77.2030366457573
950269,2.22280358528901,-76.7453290506728
991339,2.22281990321873,-76.736349275881
615897,2.22283616623213,-76.7273694354752
752026,2.22285237477057,-76.7183895288709
963126,2.23172099577644,-76.8082023031286
169711,2.23173776496769,-76.7992229413128
361424,2.23175447934291,-76.7902435121686
458336,2.2318207866013,-76.7543251251035
354241,2.23183722568047,-76.7453453619217
358557,2.2318536100423,-76.7363655322709
951608,2.23190243275717,-76.7094256499602
254483,2.24073727214638,-76.8171984129758
360429,2.24075416458691,-76.8082190640115
134005,2.24077100192062,-76.7992396471673
141367,2.24080451050716,-76.7812806121781
266142,2.24082118208234,-76.772300993599
549634,2.24087086502534,-76.7453617390096
713566,2.24093633576397,-76.7094418080143
795093,2.24978733247627,-76.8082358925254
217541,2.2498042376429,-76.7992564207386
475545,2.24982108707023,-76.7902768813834
288474,2.24983788100517,-76.7812972754421
441563,2.24987130314635,-76.7633378617325
524666,2.24992102002725,-76.736398242935
273653,2.24993748124632,-76.727418237955
145073,2.24995388723883,-76.7184381673802
396468,2.25883747195102,-76.7992732615704
292105,2.25885438917742,-76.7902936672269
670567,2.25887125051893,-76.7813140055625
901947,2.25890480653581,-76.7633544817916
522997,2.26095916245694,-72.9347744364277
306776,2.26792149174804,-76.7723510190308
619259,2.27000795110557,-72.9437554507541
957129,2.27000085533373,-72.934767397463
337629,2.2699937031935,-72.9257793731592
834178,2.26994206723835,-72.8628640126755
704417,2.26993446599436,-72.8538762227863
194698,2.2699034997102,-72.8179253693338
590411,2.26989561783925,-72.8089377332688
208451,2.26988767989687,-72.7999501291265
304325,2.2790567389364,-72.9527365768864
467142,2.27904967086431,-72.9437484398764
434739,2.27904254696247,-72.9347603305928
582565,2.27903536641367,-72.9257722498909
389069,2.27899109911331,-72.871844373847
624747,2.27898352367683,-72.8628564981017
156198,2.27897589224075,-72.8538686525027
115811,2.2789682043352,-72.844880836827
382014,2.27895265925013,-72.8269052981702
920692,2.278944802215,-72.8179175750991
675585,2.27893688878341,-72.8089298833616
821247,2.27892891896359,-72.7999422230784
884433,2.27892089292262,-72.7909545947383
768632,2.28810552527595,-72.9617178151178
618042,2.28809848603112,-72.952729593829
525380,2.28809138996399,-72.9437414005682
526251,2.28808423715863,-72.9347532355302
225233,2.28807702824713,-72.9257650985707
961382,2.28803258450032,-72.8718368857638
448926,2.28802497934875,-72.8628489533884
347364,2.28801731712514,-72.8538610516394
953300,2.2880095986362,-72.8448731800344
868308,2.28800182371126,-72.8358853388269
313429,2.28798610343904,-72.8179097498268
767168,2.28797815860757,-72.8089220017859
258787,2.28797015693293,-72.79993428529
858239,2.28796209888632,-72.7909466008439
739957,2.29715430958927,-72.9706991659462
576958,2.29714729909542,-72.9617108607
764020,2.29714023204556,-72.9527225827147
663153,2.2971331077439,-72.9437343332004
629230,2.29712592668056,-72.9347461117536
645595,2.29711868874715,-72.9257579185131
831860,2.29706643348137,-72.8628413787813
835466,2.29705874118627,-72.853853420206
568354,2.2970509918196,-72.8448654926785
403259,2.29704318584222,-72.8358775952709
189109,2.29701139402015,-72.7999263158376
590260,2.30619610991185,-72.9706922400501
299734,2.30618907167811,-72.9617038785728
688057,2.30618197657352,-72.9527155439316
732649,2.30617482434077,-72.9437272374406
856491,2.30616761485991,-72.9347389596815
526592,2.30616034827598,-72.9257507097134
797189,2.30615302515155,-72.9167624883956
658928,2.30612316089166,-72.8808098936281
366642,2.30611555229051,-72.8718218188548
806391,2.30610788636158,-72.8628337739973
500027,2.30610016388662,-72.8538457588281
811597,2.30609238412771,-72.8448577742775
897639,2.30608454713274,-72.8358698206829
707907,2.30607665337567,-72.8268818972905
365856,2.30606069445856,-72.8089061445482
946151,2.30605262945442,-72.7999183151751
193999,2.31523084317542,-72.9616968683018
805019,2.31522371982961,-72.9527084773408
126677,2.31521653967585,-72.9437201139435
597250,2.31520930205001,-72.9347317789069
613454,2.31520200696684,-72.925743472668
389002,2.31519465482677,-72.916755194268
995170,2.31517225421146,-72.8897905338722
766515,2.31516467288056,-72.8808023724099
851857,2.31515703428366,-72.8718142405588
338878,2.31514933847912,-72.8628261388122
840743,2.31514158524081,-72.8538380670875
770374,2.31513377493618,-72.8448500254546
753456,2.31512590735071,-72.8358620148885
141995,2.31511000025404,-72.8178860859007
434291,2.31510196076537,-72.8088981682367
437841,2.31509386394801,-72.7999102824693
296290,2.31508571005057,-72.7909224277634
209560,2.32427970686097,-72.970678306387
230198,2.32427261332551,-72.9616898304954
605237,2.32426546239785,-72.9527013825679
587610,2.32425825371667,-72.9437129623042
555857,2.32425098768657,-72.934724569996
903672,2.32424366426088,-72.9257362065009
418295,2.32423628294308,-72.9167478715502
825687,2.32421379490928,-72.8897830400483
769053,2.32420618370272,-72.8807948212061
565783,2.32419851530487,-72.8718066321622
819221,2.32419078942052,-72.8628184736647
198834,2.32418300563273,-72.8538303447172
303721,2.32417516465286,-72.8448422462921
553390,2.32414322578376,-72.8088901606616
386949,2.32413509741191,-72.7999022176622
811386,2.33332856706018,-72.9796598590663
733831,2.33332150352561,-72.9706712984861
656612,2.33331438233416,-72.9616827652502
511060,2.33330720330982,-72.9526942598704
843573,2.33329996661071,-72.9437057823266
182972,2.33329267224854,-72.9347173329854
266352,2.33328532009733,-72.9257289118986
151171,2.33324769349315,-72.880787240547
427567,2.33323999527953,-72.8717989941635
638311,2.33323223907697,-72.8628107779821
986641,2.33322442503627,-72.8538225923106
294566,2.34237039002115,-72.9796528809694
813357,2.34236329912804,-72.9706642630136
435721,2.34235615019683,-72.961675672159
557820,2.34234894321526,-72.9526871092298
107716,2.34227368742154,-72.8628030526001
274532,2.35140509332012,-72.9706571999227
645464,2.35139791672329,-72.9616685515661
853864,2.84007306299743,-73.5547700832161
955396,2.84006895935113,-73.5457766620469
709799,2.84912015172868,-73.56375956368
628818,2.84911610575364,-73.5547660596065
369574,2.84911198907642,-73.5457725684211
205370,2.84910780183977,-73.5367790903251
217300,2.85817111178904,-73.5817427847231
939073,2.85816719432712,-73.5727491848781
840708,2.85816320625075,-73.5637555973352
163616,2.85815914693938,-73.5547620229935
448464,2.85815501728128,-73.5457684617527
110815,2.85815081680788,-73.5367749131695
447867,2.8672180491392,-73.5907326291396
276009,2.86719804394013,-73.5457643415675
219007,2.86719383003361,-73.5367707228323
803122,2.8762649379945,-73.5997226152361
844559,2.87625726681014,-73.5817350962479
826183,2.87625332433198,-73.5727413551992
291617,2.87624931077509,-73.5637476268628
668075,2.87624106946631,-73.5457602079813
545147,2.88530803735773,-73.5997188942989
813698,2.88529638696843,-73.5727374214774
781359,2.8852923606572,-73.5637436222359
818512,2.88528409367535,-73.5457560617411
590168,2.89435113545558,-73.5997151613144
214183,2.8943271161539,-73.5457519020134
512018,2.90339423205222,-73.5997114169483
716264,2.90339039594556,-73.5907174379518
152831,2.90338648782438,-73.5817234714178
702829,2.90338250802216,-73.5727295166213
148591,2.90337845636185,-73.563735574336
736884,2.90337433248243,-73.5547416454881
500915,2.91243732697709,-73.5997076606586
213639,2.91242955873222,-73.5817195714733
154526,2.91242556618594,-73.5727255454533
614486,2.91242150197559,-73.5637315315749
911358,2.91241736538341,-73.5547375306778
265878,2.92147656054053,-73.5907097697662
539699,2.92147262807583,-73.5817156593799
589558,2.92146862334462,-73.5727215615641
857988,2.92146454590345,-73.5637274762429
938656,3.28330853178134,-74.2023703413154
434738,3.28330963927392,-74.1933728593951
183252,3.29234803571193,-74.2293641839534
698488,3.2923493907624,-74.2203666309253
351769,3.29235066454576,-74.2113690743911
869230,3.2923518567139,-74.2023715146432
323672,3.29235296733298,-74.1933739515962
861893,3.29235399642301,-74.1843763858372
541397,3.30138990808339,-74.2383632343086
742032,3.30139134885266,-74.2293656038659
355099,3.30139270769604,-74.22036797014
713592,3.30139398472115,-74.2113703320248
504090,3.30139518022471,-74.2023726909239
776823,3.30139629394008,-74.1933750470462
529623,3.30139732552383,-74.1843773998722
384134,3.3104346601481,-74.2293670278312
467893,3.31043602286576,-74.2203693123312
341697,3.31043730323674,-74.21137159336
843758,3.31043850212793,-74.2023738705159
804323,3.31043961879352,-74.1933761448047
463593,3.31947933621227,-74.2203706583421
507502,3.31948062040781,-74.2113728576668
635959,3.31948182206091,-74.2023750533088
916006,3.3194829417429,-74.1933772457002
410251,3.31948397924855,-74.1843794356737
958123,3.31948493423462,-74.1753816228928
792211,3.32852393537998,-74.2113741252686
935917,3.32852514054179,-74.2023762390261
630735,3.32852626317607,-74.1933783497034
933257,3.32852730340668,-74.1843804574646
150423,3.32852826120531,-74.1753825628353
870412,3.32852913628228,-74.1663846655385
293581,3.33756595808564,-74.2203733610641
623472,3.33756724888201,-74.2113753962306
289001,3.33756845727098,-74.2023774280515
766511,3.3375695830208,-74.1933794563775
482204,3.33757062575759,-74.1843814819632
362447,3.33757246376284,-74.1663855256959
482670,3.34660788892597,-74.2293727620867
713556,3.34661177228825,-74.2023786199209
387674,3.34661578952941,-74.1663863883091
932210,3.355651192067,-74.2293742046742
438421,3.35565621729717,-74.1933816788336
158582,3.35565726590383,-74.1843835393554
672531,3.35565823150927,-74.1753853972042
984492,3.3646958782381,-74.2203774422819
875029,3.36469717936234,-74.211379229626
652984,3.36469839752832,-74.2023810132211
733107,3.3646995322491,-74.193382793891
807919,3.36470058335098,-74.1843845720999
734983,3.36470155139718,-74.1753863470904
349822,3.37374048632057,-74.211380513972
177268,3.37374170748484,-74.2023822146979
815070,3.37374284516994,-74.1933839120882
990108,3.37374389931628,-74.1843856070737
951577,3.37374486955858,-74.1753872993697
512311,3.37374575673893,-74.1663889887992
378634,3.38278501587083,-74.2023834191091
574404,3.38278615654397,-74.193385033361
400494,3.38278721336135,-74.1843866449491
774940,3.38278818653766,-74.1753882539121
764081,3.39182946629589,-74.1933861573634
324118,3.39183052580921,-74.1843876854199
740338,6.95352719350853,-75.1441347544673
941234,6.9535475039571,-75.1350873703667
316760,6.96254741870717,-75.1532027402411
711475,6.96256792897061,-75.144155210519
857648,6.96258826612559,-75.1351076533605
119289,6.96260843033691,-75.1260600693773
612920,6.96262842150667,-75.1170124586138
240846,6.96264823972124,-75.1079648216666
881644,6.97160866080321,-75.1441756937768
189826,6.97162902470606,-75.1351279635302
672382,6.97164921531611,-75.1260802061068
295388,6.97166923258588,-75.1170324221032
725807,6.97168907685166,-75.1079846118316
954597,6.97170874776083,-75.0989367751178
398038,6.98056609313228,-75.1803875451659
816231,6.98058717731259,-75.1713397514082
874917,6.98066977964572,-75.1351483004853
881230,6.98071004045699,-75.117052412037
189628,6.9807299103123,-75.1080044282946
201293,6.9807496070377,-75.0989564183364
581340,6.98076913032564,-75.0899083818279
916979,6.9895854237455,-75.189456717178
446159,6.98960670901641,-75.1804087777436
619841,6.98962782088413,-75.171360810126
582485,6.9896487591171,-75.1623128149984
548796,6.98977074053162,-75.1080242707875
902603,6.98979046272728,-75.0989760873054
856947,6.98981001146843,-75.0899278773321
313321,6.98982938670594,-75.0808796413819
779203,6.9986260084792,-75.1894781515675
707243,6.99864732166263,-75.1804300382467
353776,6.99866846098272,-75.1713818968675
899948,6.99868942641767,-75.1623337276054
978928,6.99875127934418,-75.1351890552148
961030,6.99877154917564,-75.1261407767411
718151,6.99883131530741,-75.0989957820788
757361,6.9988508893241,-75.0899473986672
100887,6.99887028960651,-75.0808989886777
504154,7.00768793071464,-75.1804513270405
236650,7.00770909759481,-75.1714030114895
984379,7.00773009031488,-75.1623546680694
867531,7.00775090895975,-75.1533062970387
996460,7.00777155351648,-75.1442578988117
261625,7.00779202372778,-75.1352094731093
666658,7.00781232007218,-75.1261610203523
265447,7.00783244223785,-75.1171125412063
219064,7.0078917636646,-75.08996694529
496465,7.016728536184,-75.1804726437409
229147,7.01674973060749,-75.1714241539721
382793,7.01677075075515,-75.1623756359921
179519,7.01679159633576,-75.1533270905295
123608,7.0168122677759,-75.1442785179081
745665,7.01683276482105,-75.1352299177643
785467,7.0168530874197,-75.1261812908862
868796,7.01687323573111,-75.1171326371133
478928,7.0257903600758,-75.1714453241756
844033,7.0258114074667,-75.16239663169
676505,7.02583228048101,-75.1533479114971
373468,7.02585297845985,-75.1442991641824
437664,7.02587350216009,-75.1352503896714
426309,7.02589385130785,-75.1262015878681
950084,7.02591402565205,-75.1171527595216
908554,7.03483098620327,-75.1714665219806
879050,7.03485206072637,-75.1624176552001
300121,7.03487296066658,-75.153368759968
269507,7.03489368589549,-75.1443198374227
615348,7.03491423600435,-75.1352708883497
676163,7.03493461148101,-75.1262219117985
924193,7.03495481240553,-75.117172908379
447775,7.04387160872662,-75.1714877480124
762671,7.04389271064793,-75.1624387058036
356981,7.04391363741626,-75.1533896359777
682825,7.04393438956115,-75.1443405383035
895629,7.04395496654179,-75.1352914137021
278700,7.04397536825844,-75.1262422625015
309095,7.04399559520841,-75.1171930839624
195290,7.05293335692993,-75.1624597843718
966860,7.05295431089918,-75.1534105391406
986970,7.05299569353001,-75.1353119665376
869533,7.05301612166512,-75.126262639508
701177,7.64102342158854,-74.9645383150304
592657,7.6410419581195,-74.9554766249226
946055,7.64106030462276,-74.9464149122836
680544,7.65004561976906,-74.9736188892767
501426,7.65006436882535,-74.9645570314102
304922,7.65008292759656,-74.9554951504942
764604,7.65010129582991,-74.9464332471911
586234,7.65011947399453,-74.9373713218889
867403,7.6591053120712,-74.9645757703184
349375,7.65912389293056,-74.9555136987306
409259,7.65914228345766,-74.9464516043821
830340,7.65916048306381,-74.9373894881473
121738,7.66814625174116,-74.9645945317719
217502,7.6681648546236,-74.9555322695355
213147,7.66818326699178,-74.9464699840167
324432,7.66820148857943,-74.9374076762247
323484,7.67720581269972,-74.955550862312
154401,7.67722424665667,-74.9464883859428
879190,7.70417376330645,-75.0281103625748
475649,7.70419379642772,-75.0190474972517
237597,7.71319427296451,-75.0371936170472
345646,7.7132145219442,-75.0281305837917
334456,7.71323457904032,-75.0190675260836
319372,7.71325444428265,-75.0100044442758
333772,7.72223500392369,-75.0372140550268
723646,7.72225527675151,-75.0281508292926
327914,7.7222753576759,-75.0190875793292
911464,7.72229524638771,-75.0100243050907
204859,7.73129602803102,-75.0281710991816
522972,7.73131613237663,-75.0191076565243
726578,7.73133604475758,-75.010044189787
642668,7.74033677499918,-75.0281913936515
424580,7.74035690351351,-75.0191277576439
368146,7.740376839126,-75.0100640981268
282142,7.74939767050098,-75.0191478833274
937972,7.7583356238404,-75.0644878986211
390599,7.76735509623563,-75.0735731324089
757050,7.7673762619615,-75.0645090405551
999590,7.76739723467142,-75.0554449237502
949515,7.77639570566819,-75.0735944937901
373844,7.7764168964536,-75.0645302078555
587112,7.77643789379235,-75.0554658971221
352779,7.78541490187928,-75.0826803344587
893954,7.78543631137321,-75.0736158804296
719423,7.78545752691803,-75.0645514007684
667298,7.78547854899623,-75.055486895502
439033,7.79445547827935,-75.0827019410006
272037,7.79447691282079,-75.0736372926822
277097,7.7944981534157,-75.0645726186605
930116,7.79451920006227,-75.055507919326
877726,7.80351751041049,-75.0736587305436
148706,7.80353877598584,-75.0645938621615
382637,7.80358072451347,-75.0464640489415
752241,7.81260049061114,-75.0555500420399
915990,7.81262139250786,-75.046484927953
817736,7.81264209962901,-75.0374197895251
442682,7.82164112999256,-75.055571141117
301918,7.82166205612747,-75.0465058322556
685820,7.82168278784685,-75.0374404983721
146925,7.83070271609866,-75.046526761213
465673,8.23503921339167,-75.791501494068
736446,8.24403802100331,-75.8006123422656
197402,8.24407692186573,-75.7915404486968
444805,8.24411561756948,-75.7824685115648
440217,8.25307568177143,-75.8006515473951
978545,8.2531146259729,-75.7915794479097
455118,8.25315336471649,-75.7825073044267
626583,8.26215232566808,-75.791618491323
